total_calories,total_mass,total_fat,total_carb,total_protein
9485.8154296875,7975.0,875.541015625,844.568603515625,143.492493
